State,DistrictID,DistrictName,gwDepth,GCAKharif,GCARabi,GCASummer,GIAKharif,GIARabi,GIASummer,kwhkharif,kwhrabi,kwhsummer,TotalEnergy
Andhra Pradesh,15715, Adilabad ,0,403809.1,299982.9,187358,187358,16.13492481,108227.4537,0,0,0,0
Andhra Pradesh,15716, Anantapur ,72,784161.8,251118.2,54901,54901,0.256681593,201280.2958,282.15,707.37,1502,481.34
Andhra Pradesh,15717, Chittoor ,45,350752.5,163100.5,179506,179506,61.69122595,81760.56882,148.92,357.93,776.25,249.95
Andhra Pradesh,15719, East Godavari ,57,388287.7,304696.3,306160,306216.8813,13668.07994,49303.13054,71.12,314.17,753.66,354.08
Andhra Pradesh,15720, Guntur ,37,529729.6,379750.4,185606,185606,79.36252667,147886.493,131.14,265.42,670.11,294.63
Andhra Pradesh,15721, Hyderabad ,49,0,0,0,0,0,0,0,0,0,0
Andhra Pradesh,15722, Karimnagar ,36,366917.4,140225.6,192971,0,0,0,127.12,390.04,825.99,260.72
Andhra Pradesh,15723, Khammam ,28,323545.1,216981.9,191925,192971,0.299841777,110017.5109,68.83,270.89,579.44,192.25
Andhra Pradesh,15724, Krishna ,73,423917.3,273147.7,224707,191925,6150.576385,87939.54139,186.9,458.61,1206.52,475.61
Andhra Pradesh,15725, Kurnool ,201,459422.2,488470.8,126027,224707,390.3020473,93138.63501,759.04,1980.43,4321.5,1860.72
Andhra Pradesh,15726, Mahbubnagar ,60,723619.6,187712.4,130263,126027,0.282357774,129721.8024,205.74,620.34,1301.66,434.88
Andhra Pradesh,15727, Medak ,59,382273.9,193865.1,103472,130263,11.13667188,207372.7214,167.47,601.7,1301.27,315.31
Andhra Pradesh,15728, Nalgonda ,63,450161.6,170832.4,200168,103472,11.08508505,103307.1444,252.18,576.58,1361.5,484.54
Andhra Pradesh,15730, Nizamabad ,27,273398.3,110522.7,88082,226979,262.2928241,20143.2577,88.8,280.91,615.75,109.56
Andhra Pradesh,15731, Prakasam ,20,224606.3,226410.7,152453,88082,0.289771683,79223.58987,64.39,135.63,341.66,97.25
Andhra Pradesh,15733, Srikakulam ,35,278551.9,151360.1,55512,48106,0.269147499,59259.75487,18.35,109.88,245,35.34
Andhra Pradesh,15734, Vishakhapatnam ,18,349147.9,162542.1,128598,55512,4146.600107,13198.59027,13.79,113.9,233,53.29
Andhra Pradesh,15735, Vizianagaram ,12,277411.1,171979.9,89606,128598,11041.7871,32795.1176,11.48,58.15,135,25.28
Andhra Pradesh,15736, Warangal ,37,1813720,1794059,1747925,89606,3238.419326,20471.4929,77.58,348.08,572.98,1766.71
Andhra Pradesh,15737, West Godavari ,68,402791.8,208648.2,354300,1747925,0.310368023,562921.0661,144.34,504.67,1105,554.93
Arunachal Pradesh,15738, Changlang ,5,6050.8,2755,8222,0,0,0,5.32,13.48,10.11,0.15
Arunachal Pradesh,15739, East Kameng ,57,6050.8,2755,8222,0,0,0,15.09,212.18,199.5,2.31
Arunachal Pradesh,15740, East Siang ,11,6050.8,2755,8222,0,0,0,11.32,26.11,20.35,0.3
Arunachal Pradesh,15741, Kurung Kumey ,48,6050.8,2755,8222,0,0,0,34.35,75.59,70.66,0.99
Arunachal Pradesh,15742, Lohit ,4,6050.8,2755,8222,0,0,0,3.57,7.55,6.04,0.09
Arunachal Pradesh,15743, Lower Dibang Valley ,4,6050.8,2755,8222,0,0,0,3.63,7.86,6.08,0.09
Arunachal Pradesh,15744, Lower Subansiri ,4,6050.8,2755,8222,0,0,0,3.94,13.97,12,0.16
Arunachal Pradesh,15745, Papum Pare ,4,6050.8,2755,8222,0,0,0,4.12,15.38,14.55,0.18
Arunachal Pradesh,15746, Tawang ,29,6050.8,2755,8222,0,0,0,29.02,100.66,91.02,1.2
Arunachal Pradesh,15747, Tirap ,10,6050.8,2755,8222,0,0,0,10.73,33.88,27.19,0.38
Arunachal Pradesh,15748, Upper Dibang Valley ,17,6050.8,2755,8222,0,0,0,13.84,22.1,19.64,0.3
Arunachal Pradesh,15749, Upper Siang ,17,6050.8,2755,8222,0,0,0,15.42,25.01,24.27,0.36
Arunachal Pradesh,15750, Upper Subansiri ,17,6050.8,2755,8222,0,0,0,14.16,26.67,25.45,0.36
Arunachal Pradesh,15751, West Kameng ,68,6050.8,2755,8222,0,0,0,66.39,232.86,211.55,2.78
Arunachal Pradesh,15752, West Siang ,46,6050.8,2755,8222,0,0,0,47.19,110.86,85.35,1.29
Assam,15753, Barpeta ,4,104101,166505,34898,0,0,0,4.34,33.19,26.33,6.89
Assam,15755, Cachar ,10,46510,114765,35085,0,0,0,11.62,103.93,81.38,15.32
Assam,15757, Dhemaji ,9,20529,69904,9722,0,0,0,12.68,38.93,21.99,3.19
Assam,15758, Dhuburi ,12,78870,109466,68231,0,0,0,10.8,80.49,67.99,14.3
Assam,15759, Dibrugarh ,6,77011,152134,57963,0,0,0,7.64,25.59,14.03,5.29
Assam,15760, Goalpara ,10,38580,62981,21006,0,0,0,10.43,90.82,67.49,7.54
Assam,15761, Golaghat ,10,50011,110996,29348,0,0,0,13.21,85.33,74.72,12.32
Assam,15763, Jorhat ,8,52672,138902,32759,0,0,0,8.28,57.27,43.11,9.8
Assam,15765, Karbi Anglong ,16,55018,155612,23514,0,0,0,24.14,135.42,118.66,25.19
Assam,15767, Kokrajhar ,12,43312,87896,12860,0,0,0,15.27,103.04,86.33,10.82
Assam,15768, Lakhimpur ,10,38355,116344,27627,0,0,0,11.64,50.24,28.61,7.08
Assam,15769, Marigaon ,6,30390,59963,45410,0,0,0,10.57,53.51,41.16,5.39
Assam,15770, Nagaon ,15,115818,215410,98339,0,0,0,23.89,128.02,103.33,40.5
Assam,15773, Sibsagar ,8,44447,135173,33671,0,0,0,7.76,46.64,26,7.52
Assam,15773, Sibsagar ,8,44447,135173,33671,0,0,0,7.76,46.64,26,7.52
Assam,15773, Sibsagar ,8,44447,135173,33671,0,0,0,7.76,46.64,26,7.52
Assam,15774, Sonitpur ,9,88974,179312,49553,0,0,0,14.7,76.45,63,18.13
Assam,15775, Tinsukia ,8,65362,113996,45085,0,0,0,10.55,32.89,17.46,5.22
Bihar,15776, Araria ,5,79899.3,213692.85,49313,23.51941108,34.10357457,1.154116613,9.26,41.1,65.83,12.76
Bihar,15777, Aurangabad ,30,2520.3,277043.35,480,4999.501455,4211.609733,747.0967517,70.28,316.98,0,87.99
Bihar,15777, Aurangabad ,30,2520.3,277043.35,480,4999.501455,4211.609733,747.0967517,70.28,316.98,0,87.99
Bihar,15778, Banka ,8,6492.5,149571.25,1734,2736.667513,3110.431472,792.8071066,10.89,85.47,163.77,13.13
Bihar,15779, Begusarai ,9,24619.2,160353.9,5517,589.8137866,2310.967044,272.4391879,22.84,75.59,171.5,13.62
Bihar,15781, Bhagalpur ,10,24957.7,4137298.65,4294,2240.348089,3235.637295,763.699538,14.34,77.2,160.83,320.44
Bihar,15782, Bhojpur ,10,9097.3,2108592.35,3069,28735,29783,4183,26.47,83.1,232.49,176.17
Bihar,15783, Buxar ,11,4253.7,163859.15,1511,1904.596512,2131.393356,202.45596,24.66,103.28,0,17.02
Bihar,15784, Darbhanga ,6,25610.5,153386.25,7319,14659,30482,907,16.17,51.72,109.5,9.14
Bihar,15785, Gaya ,13,6710,237228.5,1035,36236,33708,4267,20.45,141.6,310.19,34.04
Bihar,15786, Gopalganj ,11,90915.9,157644.05,21293,30874,58313,3642,40.55,97.43,0,19.04
Bihar,15787, Jamui ,14,2915.4,68423.8,825,4465.355164,3722.801008,479.4267003,20.05,147.12,302.16,10.37
Bihar,15788, Jehanabad ,8,1925.3,151224.85,462,2337.894758,2112.584688,535.5382285,16.98,75.79,179.55,11.57
Bihar,15789, Katihar ,8,62865.4,188194.3,78519,432.782004,951.6401382,46.48196299,15.04,71.46,117.77,23.64
Bihar,15790, Khagaria ,11,21271.1,98042.45,2129,320.3219232,1236.058235,149.3397486,27.02,93.73,204.72,10.2
Bihar,15791, Kishanganj ,10,48575.9,156300.05,44409,120.4794941,177.213875,32.8079724,12.85,85.57,105.83,18.69
Bihar,15792, Lakhisarai ,10,710.1,70345.45,172,331.9687456,670.6161177,59.95402943,21.89,86.05,0,6.06
Bihar,15793, Madhepura ,5,38354.1,181578.45,10244,224.0084933,337.4255138,62.24052998,12.25,42.7,86.66,9.11
Bihar,15794, Madhubani ,8,53570.7,263785.65,13626,1080.414401,2652.673076,443.3867066,22.5,72.26,138.44,22.15
Bihar,15795, Munger ,10,1925.3,55278.85,126,412.2283511,1796.336299,157.4596679,22.32,93.23,186.66,5.22
Bihar,15796, Muzaffarpur ,7,50764.9,246829.55,6865,618.9565217,1003.205113,334.1753575,21.48,62.55,138.05,17.47
Bihar,15797, Nalanda ,8,2424.8,209030.6,233,22573.32817,22485.75549,2963.977992,20.22,72.6,0,15.22
Bihar,15798, Nawada ,8,3512.7,142173.15,254,6013.642636,6699.151161,2154.742019,13.08,84.57,185.55,12.11
Bihar,15799, Pashchim Champaran ,8,141727.3,283003.35,76974,85.62371913,91.11814771,29.08063161,25.26,60.85,144.22,31.9
Bihar,15800, Patna ,10,9771.8,240112.1,750,6471.283996,7095.603867,792.692159,28.7,87.99,218.33,21.57
Bihar,15801, Purba Champaran ,9,103129,277689.5,14613,1141.923333,5227.075407,262.6313317,29.93,83.62,185.75,29.02
Bihar,15802, Purnia ,6,65753.3,220296.85,42826,140.7228164,200.3092692,18.25334225,11.68,50.76,88,15.71
Bihar,15803, Rohtas ,12,3440.1,360559.45,1025,17917.79785,16419.00924,1033.604836,20.52,124,290.99,45.07
Bihar,15804, Saharsa ,5,26891.5,163024.75,6322,268.4322811,424.7337067,0.445010183,13.1,44,91.66,8.1
Bihar,15805, Samastipur ,8,57523.7,174878.65,11348,647.38021,1358.724022,72.94648425,22.89,70.08,162.44,15.41
Bihar,15806, Saran ,9,31173.1,190881.45,3777,370.4110899,909.5192508,104.9356423,26.83,82.19,201.75,17.28
Bihar,15807, Sheikhpura ,6,609.7,37649.65,27,1683.529226,2394.015826,757.7383414,12.88,54.25,127.16,2.05
Bihar,15808, Sheohar ,4,11029.3,40952.85,1793,53.87020696,93.11070111,18.56056474,14.16,36.28,77.88,1.78
Bihar,15809, Sitamarhi ,4,2520.3,277043.35,480,3310.856636,6685.043108,1108.441895,13.82,37.14,77.88,10.36
Bihar,15810, Siwan ,9,43446.7,194469.3,11105,608.1894807,1358.147215,130.5139257,31.44,82.42,194.75,19.55
Bihar,15811, Supaul ,5,74300.3,189866.7,8927,46.45010884,222.5434309,4.719331508,12.55,41.84,80.83,9.59
Bihar,15812, Vaishali ,9,59702.9,198854.1,28087,746.8934579,1178.398306,1122.500257,27.04,78.98,190,22.65
Chhattisgarh,15814, Bastar ,54,1440,1206,114,29.91475875,139.9118127,12.75626623,117.99,517,1117.49,0.92
Chhattisgarh,15815, Bilaspur ,30,350512.7,14104.3,2793,13711.77682,10892.84089,1288.883347,97.2,217.42,666.66,38.99
Chhattisgarh,15815, Bilaspur ,30,350512.7,14104.3,2793,13711.77682,10892.84089,1288.883347,97.2,217.42,666.66,38.99
Chhattisgarh,15816, Dantewada ,13,346827.8,120553.2,5351,6.612886934,22.97987835,0.184249629,28.74,120.11,0,24.44
Chhattisgarh,15817, Dhamtari ,22,291006.65,9812.35,761,5444.786074,9791.461987,1156.186094,74.63,186.34,513.33,23.93
Chhattisgarh,15818, Durg ,39,133205.25,41247.75,13848,27805.07661,16473.79247,2714.99287,133.01,309.89,911.08,43.11
Chhattisgarh,15819, Janjgir-Champa ,19,466729.95,264602.05,12498,11696.71054,6769.754044,11.69013915,65.51,150.07,431.19,75.67
Chhattisgarh,15820, Jashpur ,15,261109.15,34785.85,4432,54.89515558,1607.8007,1.389246986,36.92,123.04,327.5,15.37
Chhattisgarh,15821, Kanker ,16,251368.75,15790.25,882,1540.85198,1244.45809,82.16317636,43.58,147.09,374.22,13.6
Chhattisgarh,15824, Koriya ,30,132441.7,12355.3,198,3339.789489,1608.067111,159.0115773,86.88,254.32,710.83,14.78
Chhattisgarh,15825, Mahasamund ,42,106937.5,16050.5,338,2914.639685,1793.603112,43.64098135,142.58,358.6,957.83,21.32
Chhattisgarh,15826, Raigarh ,14,266656.7,14419.3,3130,21351.10922,4326.447776,122.4673668,39.24,120,306.44,13.15
Chhattisgarh,15826, Raigarh ,14,266656.7,14419.3,3130,21351.10922,4326.447776,122.4673668,39.24,120,306.44,13.15
Chhattisgarh,15827, Raipur ,62,280954.75,14803.25,7770,11407.59809,8904.462283,704.4054091,201.63,490.02,1393.27,74.72
Chhattisgarh,15828, Raj Nandgaon ,33,542012.35,111391.65,7242,4655.82312,3211.821441,90.48194895,103.33,266.82,785.58,91.41
Chhattisgarh,15828, Raj Nandgaon ,33,542012.35,111391.65,7242,4655.82312,3211.821441,90.48194895,103.33,266.82,785.58,91.41
Chhattisgarh,15828, Raj Nandgaon ,33,542012.35,111391.65,7242,4655.82312,3211.821441,90.48194895,103.33,266.82,785.58,91.41
Chhattisgarh,15829, Surguja ,29,319891.8,125434.2,1433,1307.384098,3918.096434,18.80801348,76.52,242.73,675.05,55.89
Goa,15834, North Goa ,27,280954.75,14803.25,7770,0,0,0,11.79,125.77,0,5.17
Goa,15835, South Goa ,5,22351,9137,2724,0,0,0,4.4,42.55,0,0.48
Gujarat,15836, Ahmadabad ,115,69189,55839,43264,0,0,0,790.61,1311.42,1709.49,201.88
Gujarat,15837, Amreli ,73,69189,55839,43264,0,0,0,348.7,704.92,946.54,104.43
Gujarat,15838, Anand ,41,520242,109700,78057,0,0,0,222.43,453.81,626.19,214.37
Gujarat,15839, Banas Kantha ,137,446697,273100,193902,0,0,0,940.23,1316.08,2064.66,1179.76
Gujarat,15840, Bharuch ,21,521397,117700,131402,0,0,0,33.58,121.67,167.27,53.8
Gujarat,15841, Bhavnagar ,36,114507,76500,18292,0,0,0,127.2,300.27,380.58,44.49
Gujarat,15842, Dahod ,11,622142,216100,62457,0,0,0,58.81,104.53,210.83,72.34
Gujarat,15843, Gandhinagar ,135,299160,201900,167840,0,0,0,1010.32,1514.39,2092.77,959.25
Gujarat,15844, Jamnagar ,50,530647,210000,208652,0,0,0,188.32,303,464.56,260.49
Gujarat,15845, Junagadh ,46,22184,29964,6,0,0,0,136.38,309.45,415.16,12.3
Gujarat,15847, Kheda ,73,573955,62700,66245,0,0,0,397.56,818.05,1129.71,354.31
Gujarat,15848, Mahesana ,159,520242,109700,78057,0,0,0,1080.11,1687.48,2459.94,939.05
Gujarat,15849, Narmada ,34,521595,86800,84005,0,0,0,141.84,373.86,521.48,150.24
Gujarat,15850, Navsari ,25,263840,90000,26760,0,0,0,50.48,158.69,327.66,36.36
Gujarat,15851, Panch Mahals ,18,320247,154200,61852,0,0,0,103.69,194.66,280.93,80.59
Gujarat,15852, Patan ,148,100177,45700,37222,0,0,0,985.28,1556.18,2265.43,254.14
Gujarat,15853, Porbandar ,34,147490,54500,55210,0,0,0,9.52,29.41,40.94,5.26
Gujarat,15854, Rajkot ,42,264777,23700,13022,0,0,0,216.62,387.65,559.68,73.83
Gujarat,15855, Sabar Kantha ,42,363425,138100,101475,0,0,0,280.2,466.52,679.29,235.18
Gujarat,15856, Surat ,20,112542,28700,23857,0,0,0,63.61,170.44,357.4,20.57
Gujarat,15857, Surendranagar ,63,716190,196600,210910,0,0,0,373.6,672.24,902.89,590.15
Gujarat,15858, The Dangs ,13,429267,101100,42432,0,0,0,24.73,113.87,193.55,30.34
Gujarat,15859, Vadodara ,56,451130,200900,180270,0,0,0,252.97,624.1,887.85,399.55
Gujarat,15860, Valsad ,20,684832,429300,427767,0,0,0,37.19,117.35,265.61,189.46
Haryana,15861, Ambala ,477,53290,700,210,36583.50459,36172.3876,501.4156268,2996.88,2524.79,0,161.47
Haryana,15862, Bhiwani ,39,489425,251800,181702,15769.83978,43197.53274,513.7426434,261.03,284.45,0,199.37
Haryana,15863, Faridabad ,50,162190,44100,36810,22119.00013,36862.68923,1.817380026,313.7,408.73,0,68.9
Haryana,15864, Fatehabad ,25,116696,104764,17318,47374.73134,47225.89917,196.6225539,327.1,190.78,0,58.15
Haryana,15865, Gurgaon ,52,348318,411907,66221,12966.30218,35863.92058,24.94522675,272.95,411.35,0,264.51
Haryana,15866, Hisar ,19,120908,148585,7743,6692.284369,6802.386848,4.106237054,171.63,135.43,0,40.87
Haryana,15867, Jhajjar ,14,222120,313551,117916,4303.464815,8361.607054,4.621467545,104.93,114,0,59.05
Haryana,15868, Jind ,28,111683,185845,335,27701.36453,28435.23457,15.77462566,283.67,192.08,0,67.37
Haryana,15869, Kaithal ,36,332887,443983,173134,72385.78042,72804.64479,178.5891317,402.62,242.07,0,241.5
Haryana,15870, Karnal ,28,92876,142196,3984,134058.7131,130061.0647,299.8194898,277.15,183.49,0,51.83
Haryana,15871, Kurukshetra ,48,246850,272042,55628,121228.8558,120208.5759,25.08514639,384.06,284.31,0,172.14
Haryana,15872, Mahendragarh ,65,203501,178797,6636,20003.28511,61666.18639,407.0238123,339.19,471.14,0,153.26
Haryana,15873, Panchkula ,50,213756,178668,11748,3113.024845,3421.725155,46.57142857,320.21,269.1,0,116.52
Haryana,15874, Panipat ,29,149744,134343,17984,40077.57859,40800.25943,6.034175434,278.6,189.31,0,67.15
Haryana,15875, Rewari ,28,131945,150442,1684,10849.78775,48301.84185,27.79830731,155.12,211.91,0,52.34
Haryana,15876, Rohtak ,11,25791,20509,1125,718.9940932,840.1842868,4.905284148,87.55,87.18,0,4.04
Haryana,15877, Sirsa ,26,99617,91152,6728,43944.39748,44176.9334,207.419754,338.47,197.3,0,51.7
Haryana,15878, Sonepat ,21,80330,122414,1810,17718.84499,17910.38873,3.208590872,194.83,150.51,0,34.07
Haryana,15878, Sonepat ,21,80330,122414,1810,17718.84499,17910.38873,3.208590872,194.83,150.51,0,34.07
Haryana,15878, Sonepat ,21,80330,122414,1810,17718.84499,17910.38873,3.208590872,194.83,150.51,0,34.07
Haryana,15879, Yamuna Nagar ,20,118474,141619,28953,47852.37345,43136.3978,73.92561082,94.26,91.11,0,24.07
Haryana,15879, Yamuna Nagar ,20,118474,141619,28953,47852.37345,43136.3978,73.92561082,94.26,91.11,0,24.07
Himachal Pradesh,15881, Chamba ,10,345009,532029,217007,0,0,0,21.81,9.79,91.94,32.68
Himachal Pradesh,15882, Hamirpur ,34,142644,158926,13148,25.02958887,25.13226744,0,136.65,94.26,531.72,41.46
Himachal Pradesh,15882, Hamirpur ,34,142644,158926,13148,25.02958887,25.13226744,0,136.65,94.26,531.72,41.46
Himachal Pradesh,15883, Kangra ,17,123055,115407,44708,2390.399032,2384.251059,401.2290901,46.51,27.17,209.19,18.21
Himachal Pradesh,15884, Kinnaur ,13,34603,32201,4389,0,0,0,32.61,11.29,99.3,1.92
Himachal Pradesh,15885, Kullu ,7,32797,34721,2580,0,1,0,14.18,5.56,49.19,0.78
Himachal Pradesh,15887, Mandi ,22,5862,4701,2173,132.244898,87.42857143,10.28571429,67.72,43.65,269.49,1.18
Himachal Pradesh,15888, Shimla ,49,30196,35994,9247,0,0,0,123.94,84.6,504.97,11.45
Himachal Pradesh,15889, Sirmaur ,45,231,3067,48,418.71,411.43,35.11916667,184.97,199.4,892.49,0.69
Himachal Pradesh,15890, Solan ,55,60077,73894,21686,852.3870968,1449.387097,26.12903226,226.88,190.69,970.13,48.75
Himachal Pradesh,15891, Una ,65,62416,62006,33023,2187.943291,5167.04861,87.69691752,261.37,181.69,1032.77,61.68
Jammu and Kashmir,15893, Bagdam ,65,31115,33707,3641,0,0,0,239.41,53.34,0,9.24
Jammu and Kashmir,15895, Doda ,54,71040,26060,42,0,0,0,112.41,25.26,0,8.64
Jammu and Kashmir,15896, Jammu ,37,46100,6705,0,0,0,0,181.73,116.79,0,9.16
Jammu and Kashmir,15897, Kargil ,16,69833,8591,0,0,0,0,18.61,0.03,0,1.29
Jammu and Kashmir,15898, Kathua ,56,62951,21773,0,0,0,0,252.69,148.73,0,19.14
Jammu and Kashmir,15900, Ladakh (Leh) ,6,8169,2224,0,0,0,0,5.54,0,0,0.04
Jammu and Kashmir,15901, Pulwama ,17,69936,56517,72,0,0,0,53.68,10.81,0,4.36
Jammu and Kashmir,15902, Punch ,17,37558,166,0,0,0,0,59.84,23.49,0,2.25
Jammu and Kashmir,15903, Rajauri ,18,7113,3312,0,0,0,0,63.91,25.7,0,0.53
Jammu and Kashmir,15904, Srinagar ,35,42134,20806,0,0,0,0,98.03,6.04,0,4.25
Jammu and Kashmir,15905, Udhampur ,26,29050,17573,0,0,0,0,93.26,41.72,0,3.44
Jharkhand,15906, Bokaro ,13,53724,43008,14,19.49530211,27.28919262,9.044954814,0,0,0,0
Jharkhand,15909, Dhanbad ,15,0,0,0,21.56487342,81.31170886,6.068037975,37.74,188.7,0,0
Jharkhand,15910, Dumka ,11,0,0,0,9.967198549,17.14531117,1.516160083,24.16,131.38,0,0
Jharkhand,15911, Garhwa ,10,113023,34690,0,399.1328228,352.1918304,19.00036606,0,0,0,0
Jharkhand,15912, Giridih ,14,205258.333,11478,0,61.25340821,19.63974644,9.236013046,36.59,166.42,0,9.42
Jharkhand,15913, Godda ,12,62.714,65333,0,27.06044827,36.54878877,6.350464116,26.03,137.63,0,8.99
Jharkhand,15914, Gumla ,11,0,0,0,1.626118068,2.811397904,0.33120368,29.52,132.3,0,0
Jharkhand,15915, Hazaribag ,12,310438.778,41731,0,24.73518682,34.47603472,2.657390867,32.06,142.11,0,15.88
Jharkhand,15916, Jamtara ,50,133619.364,75924,0,2.697795686,2.232756577,0.261673382,0,0,0,0
Jharkhand,15917, Koderma ,33,341,26850,0,6.0312985,3.654940507,1.311433006,0,0,0,0
Jharkhand,15918, Latehar ,13,424050.667,67479,0,19.77030948,19.6333011,2.76756931,0,0,0,0
Jharkhand,15919, Lohardaga ,10,0,0,0,8.938108587,15.19843612,1.68375627,29.44,118.54,0,0
Jharkhand,15920, Pakur ,100,0,0,0,89.9122807,0,16.54385965,0,0,0,0
Jharkhand,15921, Palamu ,13,0,0,0,363.6929607,385.6351508,60.25984133,41.56,156.46,0,0
Jharkhand,15924, Ranchi ,13,80375,25220,0,26.31756911,24.83024903,6.272332648,33.07,155.04,0,6.56
Jharkhand,15925, Sahibganj ,13,0,0,0,0.212589074,0.516627078,0.047505938,27.76,143.4,0,0
Jharkhand,15926, Saraikela Kharsawan ,8,6244.727,135982,0,0.82326284,0.436178248,1.025302115,0,0,0,0
Jharkhand,15927, Simdega ,24,431532.125,39728,0,0.556395562,3.839897573,0.31496159,0,0,0,0
Karnataka,15928, Bagalkot ,65,339241,43704,0,35168.2415,16956.66194,29283.23806,195.87,675.65,1236.8,95.97
Karnataka,15929, Bangalore Rural ,46,0,0,0,7744.553459,4809.373817,6887.018241,124.54,425.38,766.66,0
Karnataka,15930, Bangalore Urban ,46,0,0,0,22721.56077,7098.782497,24661.07595,124.05,409.5,755.16,0
Karnataka,15931, Belgaum ,60,196281.1,340912.9,78402,78696.56891,37130.12389,35825.47102,100.02,582.84,930,291.24
Karnataka,15932, Bellary ,38,251839.4,62169.6,52464,39313.65132,4159.885287,18944.55278,145.42,389.7,766.33,101.05
Karnataka,15933, Bidar ,49,69542.5,10258.5,7661,7720.946851,5665.641411,10684.33966,100.45,454.8,1071.19,19.85
Karnataka,15934, Bijapur ,46,545312.6,518611.4,200623,44567.36603,36016.10104,17885.53512,134.79,479.99,0,322.43
Karnataka,15934, Bijapur ,46,545312.6,518611.4,200623,44567.36603,36016.10104,17885.53512,134.79,479.99,0,322.43
Karnataka,15935, Chamrajnagar ,52,368730.7,188647.3,92834,24762.52787,6214.056947,4427.212607,69.8,358.47,654.33,154.1
Karnataka,15935, Chamrajnagar ,52,368730.7,188647.3,92834,24762.52787,6214.056947,4427.212607,69.8,358.47,654.33,154.1
Karnataka,15936, Chikmagalur ,89,349811.9,131297.1,32546,2066.961306,494.6256548,20617.75234,83.36,732.2,1100.13,161.1
Karnataka,15937, Chitradurga ,42,280486.4,516617.6,43366,32164.33021,6503.584747,29001.62918,144.75,423.14,782.83,293.15
Karnataka,15938, Dakshin Kannad ,11,152603.9,77534.1,40643,221.7947761,7900.45579,25617.04446,4.45,54.42,57.44,7.23
Karnataka,15939, Davanagere ,42,267323.5,138893.5,111527,26446.59796,2071.57404,33535.77805,85.17,434.83,656.83,156.41
Karnataka,15940, Dharwad ,34,414326.9,129223.1,67567,6537.652216,2008.717698,2937.428045,63.22,343.19,542.11,107.17
Karnataka,15941, Gadag ,64,121285,69166,87071,10583.68903,3709.91769,6045.20167,180.7,666.89,1118.22,165.4
Karnataka,15942, Gulbarga ,74,329782.5,112882.5,88328,14956.60793,10496.58358,5472.259087,172.95,728.99,1595.11,280.21
Karnataka,15943, Hassan ,25,232149.2,358850.8,113892,8879.060934,3936.39093,19467.48784,25.3,178.77,292.36,103.32
Karnataka,15944, Haveri ,44,240490.9,279465.1,78868,21373.75126,7678.26174,11696.48263,112.59,449.32,657.55,204.5
Karnataka,15945, Kodagu ,33,742864.3,614893.7,66492,57.57377049,1,38.83606557,18.82,134.5,199.83,109.97
Karnataka,15946, Kolar ,69,331724.9,180298.1,111382,38212.64008,20594.35698,25606.0753,201.79,622.09,1247.75,318.07
Karnataka,15947, Koppal ,21,300432.7,221566.3,92812,25290.31926,370.0744923,19451.10207,78.26,205.83,427,108.74
Karnataka,15948, Mandya ,30,129792.8,108146.2,90644,10268.01046,3829.623254,13728.90822,109.64,221.19,432.5,77.35
Karnataka,15949, Mysore ,21,262259.2,90545.8,69088,12141.60056,4118.061585,11939.55172,40.52,168.39,268.91,44.45
Karnataka,15950, Raichur ,14,296607.7,142092.3,79010,15466.97225,2733.266085,7317.324567,51.46,143.66,300.61,59.42
Karnataka,15951, Shimoga ,23,233186,84296,71307,10559.69334,132.6756739,11503.66366,22.65,193.72,268.97,40.79
Karnataka,15952, Tumkur ,74,391660,171945,103014,37271.69373,8657.949336,56320.1896,212.78,634.14,1268.27,323.02
Karnataka,15953, Udupi ,18,320396.5,287674.5,89986,13.28740733,6393.704671,13636.025,2.55,27.07,34.04,11.66
Karnataka,15954, Uttar Kannand ,17,206929.2,47225.8,50111,2276.404639,755.864914,8358.30487,20.7,123.98,219.58,21.14
Kerala,15955, Alappuzha ,31,554089,153472,151543,0,0,0,19.2,177.13,111.94,54.78
Kerala,15956, Ernakulam ,27,100189,53072,53279,0,0,0,15.03,149.92,117.75,15.73
Kerala,15957, Idukki ,49,109773.2,20043.8,20593,0,0,0,20.98,117.12,172.86,8.21
Kerala,15958, Kannur ,57,86600,96670,81246,0,0,0,8.94,129.91,101.64,21.59
Kerala,15959, Kasaragod ,23,159778,161067,139105,0,0,0,7.35,108.47,104.13,33.13
Kerala,15960, Kollam ,18,126442,214723,109375,0,0,0,1.46,11.11,4.97,3.11
Kerala,15961, Kottayam ,30,199970,205150,173547,0,0,0,2.18,17.49,10.5,5.84
Kerala,15962, Kozhikode ,22,125689,115201,104011,0,0,0,1.18,17.31,14.11,3.61
Kerala,15963, Malappuram ,25,143974,170801,126267,0,0,0,13,164.31,168.05,51.15
Kerala,15964, Palakkad ,37,171477,185828,167175,0,0,0,44.61,377.27,344.3,135.31
Kerala,15965, Pattanamtitta ,10,185583,188835,167211,0,0,0,1.12,9.5,5.47,2.91
Kerala,15966, Thiruvananthapuram ,26,203009,196788,167736,0,0,0,8.1,38.86,20.8,12.78
Kerala,15967, Thrissur ,14,209110,180156,121038,0,0,0,15.87,146.01,127.16,45.01
Kerala,15968, Wayanad ,40,83876,94064,78653,0,0,0,18.2,192.88,250,39.33
Madhya Pradesh,15972, Balaghat ,15,88797,49293,16,9252.857143,9252.857143,3084.285714,54.04,121.82,341.66,10.8
Madhya Pradesh,15973, Barwani ,54,168316,485713,469,19449.85714,19449.85714,6483.285714,194.89,597.77,0,323.14
Madhya Pradesh,15974, Betul ,110,398894,228246,179514,35075.14286,35075.14286,11691.71429,248.74,1026.85,0,333.59
Madhya Pradesh,15975, Bhind ,47,270680,64911,9440,37938.85714,37938.85714,12646.28571,177.67,356.54,0,71.23
Madhya Pradesh,15976, Bhopal ,43,228001,79400,53097,24319.71429,24319.71429,8106.571429,72.84,370.08,0,45.99
Madhya Pradesh,15977, Burhanpur ,31,384801,131804,6608,16786.71429,16786.71429,5595.571429,0,0,0,0
Madhya Pradesh,15978, Chhatarpur ,17,77551,275193,119,73918.28571,73918.28571,24639.42857,49.18,137.65,0,41.69
Madhya Pradesh,15979, Chhindwara ,94,101905,108949,591,49880.14286,49880.14286,16626.71429,210.19,912.21,0,120.8
Madhya Pradesh,15980, Damoh ,32,0,0,0,23671.71429,23671.71429,7890.571429,97.13,252.03,0,0
Madhya Pradesh,15981, Datia ,48,167553,294358,512,25698,25698,8566,177.43,368.24,0,138.12
Madhya Pradesh,15982, Dewas ,90,425075,163376,45948,53209.28571,53209.28571,17736.42857,185.39,769.69,0,204.55
Madhya Pradesh,15983, Dhar ,60,134649,244860,174,46121.57143,46121.57143,15373.85714,153.54,609.51,0,169.91
Madhya Pradesh,15984, Dindori ,54,50308,170571,3615,0,0,0,142.16,439.47,0,82.11
Madhya Pradesh,15985, East Nimar ,45,381259,189546,31579,40056.85714,40056.85714,13352.28571,104.04,440.42,0,123.14
Madhya Pradesh,15986, Guna ,97,501107,273669,97101,38829,38829,12943,254.82,772.02,0,338.97
Madhya Pradesh,15987, Gwalior ,55,179515,85703,19,30125.14286,30125.14286,10041.71429,271.52,436.01,0,86.1
Madhya Pradesh,15988, Harda ,29,430955,196602,125049,18854.57143,18854.57143,6284.857143,44.03,268.48,0,71.75
Madhya Pradesh,15989, Hoshangabad ,18,277600,480897,1463,44202.42857,44202.42857,14734.14286,23.49,159.65,0,83.29
Madhya Pradesh,15990, Indore ,46,81705,183150,1678,30705,30705,10235,91.41,449.48,0,89.79
Madhya Pradesh,15991, Jabalpur ,69,165991,118075,1647,43756.71429,43756.71429,14585.57143,214.53,557.04,0,101.38
Madhya Pradesh,15992, Jhabua ,57,248197,246950,1692,9869.571429,9869.571429,3289.857143,213.98,559.96,0,191.39
Madhya Pradesh,15993, Katni ,18,258739,142439,703,13720.71429,13720.71429,4573.571429,70.63,158.39,0,40.83
Madhya Pradesh,15994, Mandla ,29,130089,227725,1331,0,0,0,89.91,227.72,0,63.55
Madhya Pradesh,15995, Mandsaur ,112,361159,50192,26763,39591.85714,39591.85714,13197.28571,347.8,958.71,0,173.73
Madhya Pradesh,15996, Morena ,41,138241,118080,1128,50206.28571,50206.28571,16735.42857,113.56,316.18,0,53.03
Madhya Pradesh,15997, Narsinghpur ,34,192845,83386,2062,71798.57143,71798.57143,23932.85714,51.37,253.76,0,31.06
Madhya Pradesh,15998, Neemuch ,64,362168,103461,3559,33826.28571,33826.28571,11275.42857,227.58,554.3,0,139.77
Madhya Pradesh,15999, Panna ,46,95107,226250,3381,10514.14286,10514.14286,3504.714286,180.37,353.01,0,97.02
Madhya Pradesh,16000, Raisen ,33,159527,258585,12395,44000.14286,44000.14286,14666.71429,56.36,273.49,0,79.71
Madhya Pradesh,16001, Rajgarh ,46,192637,55561,535,44202.85714,44202.85714,14734.28571,114.93,369.37,0,42.66
Madhya Pradesh,16002, Ratlam ,101,92322,183640,705,36678.85714,36678.85714,12226.28571,336.54,880.5,0,192.76
Madhya Pradesh,16003, Rewa ,33,145823,373202,236,27558,27558,9186,115.21,280.8,0,121.59
Madhya Pradesh,16004, Sagar ,41,415571,110495,926,67204.71429,67204.71429,22401.57143,69.26,335.75,987.41,66.79
Madhya Pradesh,16005, Satna ,39,328123,92901,23409,44651.14286,44651.14286,14883.71429,141.13,322.05,0,76.22
Madhya Pradesh,16006, Sehore ,54,216536,284056,1718,55353.42857,55353.42857,18451.14286,96.75,469.03,0,154.18
Madhya Pradesh,16007, Seoni ,22,233209,434054,10053,14308.71429,14308.71429,4769.571429,58,185.42,495,98.98
Madhya Pradesh,16008, Shahdol ,14,169186,306370,1404,2737.285714,2737.285714,912.4285714,45.05,119.48,336.38,44.69
Madhya Pradesh,16009, Shajapur ,43,325178,240564,4147,53816.14286,53816.14286,17938.71429,106.79,341.24,0,116.81
Madhya Pradesh,16010, Sheopur ,49,280394,174214,1581,22158.42857,22158.42857,7386.142857,166.64,403.71,0,117.05
Madhya Pradesh,16011, Shivpuri ,61,326141,74288,155,65000.14286,65000.14286,21666.71429,229.45,480.76,0,110.54
Madhya Pradesh,16012, Sidhi ,25,444878,125453,2332,18203.57143,18203.57143,6067.857143,68.03,211.98,0,56.85
Madhya Pradesh,16013, Tikamgarh ,17,141394,163891,128794,75513.85714,75513.85714,25171.28571,44.2,152.52,437.75,87.62
Madhya Pradesh,16014, Ujjain ,110,139580,141244,120476,53006.57143,53006.57143,17668.85714,271.04,888.78,0,163.36
Madhya Pradesh,16015, Umaria ,25,118861,168648,111607,3194.571429,3194.571429,1064.857143,75.85,217.21,0,45.64
Madhya Pradesh,16016, Vidisha ,28,176609,214867,701,59828.57143,59828.57143,19942.85714,47.23,218.79,0,55.35
Madhya Pradesh,16017, West Nimar ,46,489904,177579,607,39609,39609,13203,148.86,491.97,0,160.29
Maharashtra,16018, Ahmednagar ,115,71855,114041,297,157395.9035,99946.05504,46193.62462,230.72,1175.11,0,150.58
Maharashtra,16019, Akola ,38,258330,256093,1289,10135.95558,11835.78363,2370.386475,98.33,343.46,0,113.35
Maharashtra,16020, Amravati ,100,309455,187332,487,39062.87483,27318.71503,29595.63687,210.39,862.3,0,226.64
Maharashtra,16022, Bhandara ,19,375100,826800,70100,13374.43419,4903.992564,484.9512564,68.44,165.4,445.97,193.68
Maharashtra,16023, Bid ,32,489800,276100,236100,31453.74498,18887.32196,57090.92615,73.21,331.76,0,127.45
Maharashtra,16024, Buldana ,34,851400,443800,385700,62750.80843,48211.62634,1973.412182,90.58,333.73,0,225.22
Maharashtra,16025, Chandrapur ,21,158600,42500,5400,11588.14688,3667.829066,1048.240119,54.39,205.09,513.91,20.11
Maharashtra,16026, Dhule ,100,487500,531500,144600,25333.35921,7938.250923,4371.548458,256.99,1060.01,0,688.67
Maharashtra,16027, Garhchiroli ,13,696200,303300,225800,3960.470971,0.262337662,0,43.9,117.7,316.33,137.68
Maharashtra,16028, Gondiya ,16,369200,187800,52000,2516.832058,388.4569298,87.14994291,57.62,135.22,380.44,66.45
Maharashtra,16030, Hingoli ,100,151900,30800,3000,6734.466171,30611.19881,1818.742026,259.42,1027.75,0,71.06
Maharashtra,16031, Jalgaon ,100,185200,23600,3900,107215.3592,49534.34714,45982.59456,286.99,992.21,0,76.56
Maharashtra,16032, Jalna ,30,2300,2300,2300,55735.79446,36389.69379,7128.876353,70.55,311.56,0,0.87
Maharashtra,16033, Kolhapur ,26,318200,229200,116100,15889.27144,9769.267267,19005.30097,29.21,231.65,361.83,104.39
Maharashtra,16034, Latur ,60,837200,548700,454800,27796.35593,31330.5712,26188.34105,138.71,588.43,0,438.99
Maharashtra,16035, Nagpur ,40,476400,417000,175500,62556.33628,23597.09425,19182.20407,68.34,372.02,940,352.65
Maharashtra,16036, Nanded ,21,333400,226600,108700,20130.51857,30181.03855,14761.71189,50.04,210.99,0,64.49
Maharashtra,16037, Nandurbar ,38,539900,195500,53500,18693.55828,10307.6012,8349.353082,130.54,400.12,0,148.7
Maharashtra,16038, Nashik ,100,459600,224100,115300,183599.03,69228.61019,16240.54164,136.18,1016.9,0,290.47
Maharashtra,16039, Osmanabad ,100,678100,381600,270100,45676.49767,48721.14587,24195.20067,249.53,1007.2,0,553.55
Maharashtra,16040, Parbhani ,24,220300,98500,41100,15981.05429,24462.30384,11353.90057,59.36,240.84,0,36.79
Maharashtra,16041, Pune ,17,599500,195900,47400,85642.35762,128810.7032,48205.17274,26.08,162.92,0,47.55
Maharashtra,16043, Ratnagiri ,25,366400,433900,30200,619.7399347,264.8052231,561.1218716,27.97,164.45,339.58,91.85
Maharashtra,16044, Sangli ,36,528300,506200,221400,82456.35937,60480.47601,36925.71546,80.08,353.5,0,221.24
Maharashtra,16045, Satara ,100,342000,725300,53800,71162.79182,64062.13528,7790.447147,118.7,952.41,0,731.37
Maharashtra,16046, Sindhudurg ,19,169400,70100,62900,1728.030502,1241.45028,694.6730953,13.06,75.25,147.25,16.74
Maharashtra,16047, Solapur ,100,391500,289600,56800,45579.86817,109165.5634,46950.92994,277.61,1051,0,413.05
Maharashtra,16048, Thane ,11,353200,280800,43100,1090.506508,3222.462243,4644.932627,18.15,60.01,144.52,29.49
Maharashtra,16049, Wardha ,23,135500,57400,55200,30.78653846,109.2690559,5.88479021,38.96,218.82,0,17.83
Maharashtra,16050, Washim ,21,160200,895100,66800,11.24169723,501.5478338,22.67681174,50.68,191.97,0,179.95
Maharashtra,16051, Yavatmal ,39,184300,23800,15000,1216.947077,991.52129,183.3669653,82.2,388.43,0,24.39
Manipur,16052, Bishnupur ,2,391700,206100,163500,0,0,0,2.87,20.79,0,5.4
Manipur,16053, Chandel ,23,421800,157200,106200,0,0,0,34.28,228.39,0,50.36
Manipur,16054, Churachandpur ,45,903400,493700,455200,0,0,0,81.43,443.36,0,292.45
Manipur,16055, East Imphal ,57,2540,20800,600,0,0,0,86.76,607.97,0,12.86
Manipur,16056, Senapati ,4,3760,10920,1550,0,0,0,6.21,32.92,0,0.38
Manipur,16057, Tamenglong ,29,10830,14530,1570,0,0,0,61.66,206.73,0,3.67
Manipur,16058, Thoubal ,1,4430,32930,560,0,0,0,1.51,10.39,0,0.34
Manipur,16059, Ukhrul ,110,11290,24250,850,0,0,0,222.88,804.55,0,22.02
Manipur,16060, West Imphal ,68,12900,2180,1800,0,0,0,95.26,702.37,0,2.76
Meghalaya,16061, East Garo Hills ,6,4860,27700,0,0,0,0,6.97,48.95,36.16,1.38
Meghalaya,16062, East Khasi Hills ,98,17630,2930,990,0,0,0,82.19,683.13,577.11,4.02
Meghalaya,16063, Jaintia Hills ,4,1780,17150,290,0,0,0,4.81,33.28,27.33,0.58
Meghalaya,16065, South Garo Hills ,5,15788,23607,5116,0,0,0,5.62,44.03,30.27,1.28
Meghalaya,16066, West Garo Hills ,8,12690,21332,1456,0,0,0,7.57,54.3,39.77,1.31
Meghalaya,16067, West Khasi Hills ,2,13141,14089,1574,0,0,0,1.73,15.44,11.72,0.25
Mizoram,16068, Aizawl ,115,15130,10145,4755,0,0,0,127.44,799.69,971.11,14.65
Mizoram,16069, Champhai ,10,38969,48363,18914,0,0,0,10.38,62.31,79.44,4.92
Mizoram,16070, Kolasib ,69,17056,19602,1606,0,0,0,80.09,488.26,599.91,11.9
Mizoram,16071, Lawngtlai ,60,2106.125,700,7161,0,0,0,61.21,431.15,483.33,3.89
Mizoram,16072, Lunglei ,45,2106.125,700,7161,0,0,0,45.7,300.56,352.5,2.83
Mizoram,16073, Mamit ,10,2106.125,700,7161,0,0,0,12.13,72.04,84.72,0.68
Mizoram,16074, Saiha ,13,2106.125,700,7161,0,0,0,5.91,41.65,46.58,0.37
Mizoram,16075, Serchhip ,22,2106.125,700,7161,0,0,0,23.78,150.47,181.5,1.45
Nagaland,16076, Dimapur ,14,2106.125,700,7161,0,0,0,22.89,104.29,110.44,0.91
Nagaland,16077, Kohima ,4,2106.125,700,7161,0,0,0,6.61,27.69,0,0.03
Nagaland,16078, Mokokchung ,3,2106.125,700,7161,0,0,0,3.66,18.73,0,0.02
Nagaland,16079, Mon ,3,29325,32834,3268,0,0,0,3.15,14.41,0,0.56
Nagaland,16080, Phek ,72,23677,16180,1517,0,0,0,100.35,449.02,0,9.64
Nagaland,16081, Tuensang ,47,29019,15943,1609,0,0,0,48.7,262.09,0,5.59
Nagaland,16082, Wokha ,20,26098,11229,805,0,0,0,23.98,124.68,125.55,2.12
Nagaland,16083, Zunheboto ,39,27006,21037,600,0,0,0,46.14,219.93,0,5.87
Orissa,16084, Angul ,72,28857,12492,772,151.8670405,37.75508458,5.273541152,75.46,681.16,1166,11.58
Orissa,16085, Baleshwar ,14,27967,20890,1700,824.6989818,9946.39128,20.10955414,8.31,90.9,112.77,2.32
Orissa,16086, Baragarh ,56,31426,11205,1019,2555.480404,1414.290212,477.8275641,125.55,705.9,1216.44,13.09
Orissa,16087, Bhadrak ,8,154550,168480,18490,2200.670417,1266.522535,459.3617627,6.11,58.84,78.44,12.3
Orissa,16088, Bolangir ,13,35687,289773,27450,692.0067972,1965.623671,52.43427509,24.53,145.92,265.41,50.44
Orissa,16089, Boudh ,9,164532,222957,68350,0,0,0,14.36,91.87,155,33.43
Orissa,16090, Cuttack ,11,17603,193457,13730,153.2406151,42.66442125,5.496631879,8.4,63.88,103.88,13.93
Orissa,16091, Deogarh ,42,224719,227250,28840,500.7139894,1009.84539,108.8945988,83.49,469.7,856.33,150.19
Orissa,16092, Dhenkanal ,12,33633,91566,3230,8.966065748,1.374337222,1.394485684,10.13,88.08,141.33,8.86
Orissa,16093, Gajapati ,12,48759,258411,19230,215.8148189,72.00546799,229.776174,6.97,79.07,125.66,23.18
Orissa,16094, Ganjam ,13,57612,50047,6380,565.7553989,259.6700563,57.98176336,10.27,105.72,175.49,7
Orissa,16095, Jagatsinghpur ,69,84264,195635,16690,2811.611422,1871.366224,340.0397035,35.84,278.3,394.83,64.05
Orissa,16096, Jajpur ,23,63016,81014,12010,245.4318606,752.923064,56.30613775,15.21,123.97,191.02,13.29
Orissa,16097, Jharsuguda ,10,215412,540887,39620,1292.88691,2037.295655,49.64417225,24.61,115.33,215.27,76.21
Orissa,16098, Kalahandi ,11,25080,158870,6480,309.0691218,221.2501416,7.483002833,13.69,112.11,201.05,19.45
Orissa,16099, Kandhamal ,12,71339,201380,14050,101.4393265,64.91580125,6.2492641,13.88,115.17,196.33,26.94
Orissa,16100, Kendrapara ,6,64565,56925,4830,62.73428332,62.12321878,0.05364627,3.21,24.56,34.5,1.77
Orissa,16101, Keonjhar ,6,243085,290835,71960,195.2455294,473.0479607,19.74819577,8.51,63.14,102.66,27.81
Orissa,16102, Khordha ,13,88266,88294,9280,247.8411865,151.8559233,29.1432318,5.65,58.94,87.74,6.51
Orissa,16103, Koraput ,12,32968,199151,12710,93.80856643,229.47669,61.89962121,9.95,116.22,191.33,25.9
Orissa,16104, Malkangiri ,10,166012,259118,15680,2.134480904,1.31253362,0.034427111,10.5,110.03,173.05,32.96
Orissa,16105, Mayurbhanj ,17,39464,203256,24910,16.59406415,6.52082336,0.04882719,22.24,187.93,268.69,45.76
Orissa,16106, Nabarangpur ,21,228959,165721,50270,881.4582461,1358.996373,2.708376085,37.76,258.98,406.58,72
Orissa,16107, Nayagarh ,10,100369,123071,5750,31.40595999,19.86251244,0.019074532,6.2,70.17,118.88,9.94
Orissa,16108, Nuapada ,15,151284,353766,17360,90.06314662,121.6512044,240.9106518,32.12,171.32,330,71.19
Orissa,16109, Puri ,9,149429,175101,29160,46.92007178,19.13092991,9.493658979,0.94,9.71,12.47,2.2
Orissa,16110, Rayagada ,32,41790,195540,13920,285.7031785,1906.023584,139.9154185,27.16,307.95,504.88,68.37
Orissa,16111, Sambalpur ,12,139450,121499,10040,2054.526921,410.9946727,35.47237783,22.87,140.76,250,22.8
Orissa,16113, Sundargarh ,14,152681,116808,24280,76.54487264,37.40372147,0.801356269,30.7,157.17,287,30.01
Punjab,16118, Amritsar ,24,595,564,527,0,0,0,218.02,109.52,0,0.19
Punjab,16119, Bathinda ,21,10527,11876,9773,0,0,0,275.04,152.44,0,4.7
Punjab,16120, Faridkot ,16,771,905,317,0,0,0,245.39,122.67,0,0.3
Punjab,16121, Fatehgarh Sahib ,25,439876,387850,12762,0,0,0,235.87,151.29,0,162.43
Punjab,16122, Firozpur ,17,291483,420434,162047,0,0,0,242.68,123.95,0,122.84
Punjab,16123, Gurdaspur ,120,126777,154017,40441,0,0,0,689.53,403.67,0,149.58
Punjab,16124, Hoshiarpur ,43,106345,92892,5113,0,0,0,250.55,160.43,0,41.54
Punjab,16125, Jalandhar ,34,472234,554979,151729,0,0,0,265.3,145.29,0,205.91
Punjab,16126, Kapurthala ,27,274573,246148,22844,0,0,0,214.77,113.18,0,86.82
Punjab,16127, Ludhiana ,45,208883,176366,21758,0,0,0,505.72,299.15,0,158.39
Punjab,16128, Mansa ,16,219068,200734,16760,0,0,0,216.09,119.41,0,71.3
Punjab,16129, Moga ,22,135369,131223,6019,0,0,0,270.87,149.32,0,56.26
Punjab,16130, Muktsar ,7,319814,279997,9600,0,0,0,102.3,53.93,0,47.81
Punjab,16132, Patiala ,59,215850,192211,16588,0,0,0,565.51,358.11,0,190.89
Punjab,16133, Rupnagar ,24,231598,331509,130558,0,0,0,142.48,109.98,0,69.45
Punjab,16134, Sangrur ,32,97452,86872,12215,0,0,0,397.61,221.04,0,57.95
Rajasthan,16135, Ajmer ,75,126768,212222,45,32120.57143,32120.57143,10706.85714,462.31,627.67,0,191.81
Rajasthan,16136, Alwar ,35,497676,207840,518,228413.1429,228413.1429,76137.71429,163.88,268.2,0,137.3
Rajasthan,16137, Banswara ,56,144791,45549,2280,8319.857143,8319.857143,2773.285714,301.09,574.2,0,69.74
Rajasthan,16138, Baran ,114,373987,108283,11914,96510,96510,32170,314.19,1006.56,0,226.49
Rajasthan,16139, Barmer ,31,315347,478567,16201,72741,72741,24247,269.25,305.89,0,231.29
Rajasthan,16140, Bharatpur ,29,228011,82066,12517,133762.2857,133762.2857,44587.42857,126.52,222.95,0,47.14
Rajasthan,16141, Bhilwara ,113,200140,258590,598,62568.85714,62568.85714,20856.28571,745.53,1011.22,0,410.7
Rajasthan,16142, Bikaner ,20,1709786,16368,25,48793.28571,48793.28571,16264.42857,222.37,145.68,0,382.58
Rajasthan,16143, Bundi ,31,185154,361460,1913,43991.57143,43991.57143,14663.85714,175,276.25,0,132.25
Rajasthan,16144, Chittaurgarh ,67,350155,154361,6929,102268.7143,102268.7143,34089.57143,303.91,617.68,0,201.76
Rajasthan,16145, Churu ,51,1431988,170221,17375,35103,35103,11701,454.93,351.92,0,711.35
Rajasthan,16146, Dausa ,42,178033,193772,4407,75594.42857,75594.42857,25198.14286,186.73,346.94,0,100.47
Rajasthan,16147, Dhaulpur ,49,407937,141437,1870,39366.85714,39366.85714,13122.28571,147.34,388.85,0,115.1
Rajasthan,16148, Dungarpur ,52,1130953,74120,340,10069.28571,10069.28571,3356.428571,341.77,558.85,0,427.94
Rajasthan,16149, Ganganagar ,80,152698,164977,6,-100,-100,0,1057.36,582.87,0,257.61
Rajasthan,16150, Hanumangarh ,113,71672,121636,134,-100,-100,0,1215.52,784.69,0,182.56
Rajasthan,16151, Jaipur ,80,120262,30687,298,187155.8571,187155.8571,62385.28571,399.72,660.04,0,68.32
Rajasthan,16152, Jaisalmer ,23,447059,763721,233273,16296.42857,16296.42857,5432.142857,267.13,170.95,0,249.98
Rajasthan,16153, Jalor ,99,618151,638267,179594,105564.8571,105564.8571,35188.28571,677.26,946.87,0,1023
Rajasthan,16154, Jhalawar ,96,531073,340714,304,67803,67803,22601,241.7,879,0,427.84
Rajasthan,16155, Jhunjhunun ,37,479536,45197,144,120894,120894,40298,236.25,268.11,0,125.4
Rajasthan,16156, Jodhpur ,27,686179,62779,624,111958.2857,111958.2857,37319.42857,220.03,238.55,0,165.95
Rajasthan,16157, Karauli ,67,310651,283491,5622,47027.57143,47027.57143,15675.85714,236.08,541.88,0,226.95
Rajasthan,16158, Kota ,35,118762,101195,10485,49396.28571,49396.28571,16465.42857,93.9,316.65,0,43.19
Rajasthan,16159, Nagaur ,108,455747,439067,32271,164526.8571,164526.8571,54842.28571,760.53,900.1,0,741.81
Rajasthan,16160, Pali ,51,138411,123265,90,32563.71429,32563.71429,10854.57143,345.53,458.48,0,104.33
Rajasthan,16161, Rajsamand ,82,215423,194926,25,11245.71429,11245.71429,3748.571429,642.86,785.2,0,291.54
Rajasthan,16162, Sawai Madhopur ,50,1232062,168690,11690,78829.71429,78829.71429,26276.57143,220.16,397.4,0,338.28
Rajasthan,16163, Sikar ,24,492581,136535,9192,143775,143775,47925,151.73,188.55,0,100.48
Rajasthan,16164, Sirohi ,31,90995,24240,651,33669.85714,33669.85714,11223.28571,225.95,305.69,0,27.97
Rajasthan,16165, Tonk ,47,294411,168347,5236,64799.57143,64799.57143,21599.85714,253.69,379.07,0,138.5
Rajasthan,16166, Udaipur ,74,420693,217582,164,29185.71429,29185.71429,9728.571429,469.35,712.8,0,352.54
Sikkim,16168, North Sikkim ,27,270787,191069,1042,0,0,0,0,0,0,0
Sikkim,16169, South Sikkim ,5,236192,60228,538,0,0,0,0,0,0,0
Sikkim,16169, South Sikkim ,5,236192,60228,538,0,0,0,0,0,0,0
Sikkim,16169, South Sikkim ,5,236192,60228,538,0,0,0,0,0,0,0
Sikkim,16170, West Sikkim ,46,0,0,0,0,0,0,0,0,0,0
Sikkim,16170, West Sikkim ,46,0,0,0,0,0,0,0,0,0,0
Tamil Nadu,16171, Ariyalur ,5,62133,108150,26748,0,0,0,0,0,0,0
Tamil Nadu,16172, Chennai ,12,28553,159009,13530,0,0,0,0,0,0,0
Tamil Nadu,16173, Coimbatore ,60,279278,115268,57763,50366,9715,3258,94.47,484.64,666.66,120.75
Tamil Nadu,16174, Cuddalore ,299,0,0,0,35316,20917,4582,896.31,2090.11,4526.52,0
Tamil Nadu,16175, Dharmapuri ,51,0,0,0,67402,17522,3434,148.08,534.14,842.91,0
Tamil Nadu,16176, Dindigul ,84,299726,169691,148365,26675,20986,3084,374.78,704.78,1206.33,410.9
Tamil Nadu,16177, Erode ,69,179357,170721,82188,55624,15059,3163,242.77,707.01,994.75,246
Tamil Nadu,16178, Kancheepuram ,13,420662,146275,107423,25453,28252,1325,14.23,61.7,124.58,28.39
Tamil Nadu,16179, Kanniyakumari ,24,187823,96336,68914,117,21,22,38.11,88.4,0,15.67
Tamil Nadu,16180, Karur ,63,253590,117007,68359,16283,8249,39071,245.48,585.07,950.25,195.66
Tamil Nadu,16181, Madurai ,18,0,0,0,19047,14170,458,55.9,105.96,153,0
Tamil Nadu,16182, Nagapattinam ,11,0,0,0,18730,2713,313,42.6,75.1,159.5,0
Tamil Nadu,16183, Namakkal ,70,0,0,0,41683,8718,1229,295.29,618.96,1143.33,0
Tamil Nadu,16184, Nilgiris ,19,90818,79227,47279,577,181,405,20.65,127.39,0,11.96
Tamil Nadu,16185, Perambalur ,72,119750,145208,12459,14979,14307,1502,270.72,645.08,1180,140.79
Tamil Nadu,16186, Pudukkottai ,17,203456,66633,27283,24264,13635,246,58.38,131.18,243.19,27.25
Tamil Nadu,16187, Ramanathapuram ,50,70960,71891,65428,480,4273,221,112.91,238.31,0,25.14
Tamil Nadu,16188, Salem ,50,147956,115966,71416,56074,12890,1837,206.37,453.2,813.88,141.21
Tamil Nadu,16189, Sivaganga ,29,58489,92035,59389,3824,6888,409,75.93,188.39,303.69,39.81
Tamil Nadu,16190, Thanjavur ,39,71609,72747,50392,25425,21792,3590,203.86,269.67,559,62.38
Tamil Nadu,16191, Theni ,43,73311,36958,20644,19161,2377,155,132.5,225.47,311.75,24.48
Tamil Nadu,16192, Thiruvallur ,18,26086,97777,17486,30230,16805,3316,17.96,73.3,146.5,10.19
Tamil Nadu,16193, Thiruvarur ,12,118660,187020,53389,16463,13459,966,57.45,80.65,169.66,30.95
Tamil Nadu,16195, Tiruchchirappalli ,10,70945,73147,34517,27118,19867,1747,42.26,94.03,160,15.39
Tamil Nadu,16196, Tirunelveli Kattabo ,10,118384,146454,12019,16863,15265,2546,17.04,38.14,27.58,7.93
Tamil Nadu,16197, Tiruvannamalai ,18,100365,71396,29864,57532,47797,6129,46.8,164.76,297,25.32
Tamil Nadu,16198, Vellore ,41,107913,105224,37566,3583,5840,16197,116.03,397.63,685.61,80.11
Tamil Nadu,16199, Villupuram ,28,106098,98692,46082,49996,29589,2574,75.89,224.74,444.88,50.73
Tamil Nadu,16200, Virudhunagar ,18,207315,95477,74992,73078,66957,2054,41.28,77.94,105,23.87
Tripura,16201, Dhalai ,6,208112,97088,96094,0,0,0,0,0,0,0
Tripura,16202, North Tripura ,7,211713,176079,70650,0,0,0,0,0,0,0
Tripura,16203, South Tripura ,7,99289,76864,37310,0,0,0,0,0,0,0
Tripura,16204, West Tripura ,20,0,0,0,0,0,0,0,0,0,0
Uttar Pradesh,16205, Agra ,28,0,0,0,8848.800939,24584.66829,8508.720944,89.89,225.62,0,0
Uttar Pradesh,16206, Aligarh ,14,0,0,0,31733.61258,54557.69383,19763.19325,62.98,111.02,0,0
Uttar Pradesh,16207, Allahabad ,21,0,0,0,20748.89985,30211.90071,5115.645743,83.79,186.24,0,0
Uttar Pradesh,16208, Ambedkar Nagar ,9,148046,263665,888,14862.08452,18885.5479,5786.543643,38.38,78.54,0,26.39
Uttar Pradesh,16209, Auraiya ,13,228057,286553,15815,5660,5660,11320,62.4,114.13,0,46.93
Uttar Pradesh,16210, Azamgarh ,9,250062,275794,1104,29687.79276,40204.77834,20727.68179,33.19,78.91,0,30.06
Uttar Pradesh,16211, Badaun ,9,146256,150918,13070,24011.15294,42291.31863,17615.64352,33.84,66.52,233.75,18.04
Uttar Pradesh,16212, Baghpat ,31,103722,121366,1330,19361.40851,20314.88914,29360.53407,179.88,204.82,0,43.51
Uttar Pradesh,16213, Bahraich ,11,257450,269643,23988,1250.776629,1252.462584,373.4447083,41.17,67.96,0,28.92
Uttar Pradesh,16214, Ballia ,11,298926,370179,23854,21733.50152,32794.32872,8152.36355,36.02,91.01,257.88,50.6
Uttar Pradesh,16215, Balrampur ,11,112699,126190,65030,2917.283759,3614.582315,740.9792262,38.67,69.68,0,13.15
Uttar Pradesh,16216, Banda ,27,291253,250557,24196,15053.60671,42443.53903,6009.743753,116.07,212.12,0,86.95
Uttar Pradesh,16217, Bara Banki ,56,165218,190700,10332,5655.322552,7245.907663,3336.962365,238.78,433.98,0,122.21
Uttar Pradesh,16218, Bareilly ,13,173866,186500,39968,12212.38397,13950.06067,7310.590007,60.98,89.61,319.94,40.1
Uttar Pradesh,16219, Basti ,7,126993,295967,633,7574.630707,8976.835698,1063.736058,30.3,60.94,0,21.88
Uttar Pradesh,16220, Bijnor ,28,212474,212520,18902,26854.29519,25375.78743,27492.62254,121.27,140.23,558.44,66.12
Uttar Pradesh,16221, Bulandshahr ,14,291164,302208,82599,58383.10883,67275.39611,36170.43944,77.73,107.83,378.38,86.47
Uttar Pradesh,16222, Chandauli ,23,172361,170185,37140,16632.83533,18583.51844,12964.614,88.17,196.46,0,48.63
Uttar Pradesh,16223, Chitrakoot ,24,325042,333557,218110,802.7644414,3038.512926,568.5083362,81.73,186.8,0,88.87
Uttar Pradesh,16224, Deoria ,9,270050,264118,58299,8707.363853,12237.09914,3476.891359,31.93,78.28,0,29.29
Uttar Pradesh,16225, Etah ,14,124091,113661,1197,20279.93356,27119.81126,6084.033037,63.24,107.91,379.94,20.56
Uttar Pradesh,16226, Etawah ,39,70196,124332,447,7820,7820,15640,169.92,339.98,0,54.19
Uttar Pradesh,16227, Faizabad ,8,163271,170776,16411,21563.78508,26936.8625,13665.3593,33.96,68.71,0,17.27
Uttar Pradesh,16228, Farrukhabad ,12,233988,311810,17232,14705.00108,13819.44515,4532.407653,56.09,88.54,0,40.73
Uttar Pradesh,16229, Fatehpur ,34,107521,127596,1006,13579.10192,17808.95514,7822.834224,140.02,290.47,0,52.11
Uttar Pradesh,16230, Firozabad ,9,148128,151856,26477,11253.69296,27112.44002,9968.650381,36.1,69.58,0,15.91
Uttar Pradesh,16231, Gautam Buddha Nagar ,18,88428,143444,9949,7769.436552,9981.421556,1509.010536,111.07,144.14,0,30.49
Uttar Pradesh,16232, Ghaziabad ,16,184303,242600,10122,19978.82118,20930.49203,21758.77402,102.85,126.11,0,49.54
Uttar Pradesh,16233, Ghazipur ,15,112065,170522,324,41790.35352,51454.77663,29654.56101,59.86,128.05,0,28.54
Uttar Pradesh,16234, Gonda ,10,81053,84352,4660,5719.097365,6795.548117,6853.882657,35.86,72.56,220,10.05
Uttar Pradesh,16235, Gorakhpur ,8,143300,147981,64493,13389.28425,19607.26337,5629.086988,29.78,69.54,188.44,26.71
Uttar Pradesh,16237, Hardoi ,14,203568,222644,12029,22535.71432,6438.478783,213.8876347,58.79,103.6,0,35.03
Uttar Pradesh,16239, Jalaun ,32,183689,216257,9767,15201.06495,46049.49915,157.9574985,96.45,242.33,0,70.12
Uttar Pradesh,16240, Jaunpur ,18,310933,386167,30492,38968.47573,51892.00184,8533.007518,72.16,160.2,473,98.72
Uttar Pradesh,16241, Jhansi ,23,87928,142432,3459,3418.739734,7939.12292,311.0569015,74.83,177.41,0,31.84
Uttar Pradesh,16242, Jyotiba Phule Nagar ,12,76081,313633,1780,14385.58257,14556.80274,3935.95781,59.37,85.06,0,31.19
Uttar Pradesh,16243, Kannauj ,20,225300,240591,16981,9481.41091,10786.94071,4302.708142,92.63,159.7,0,59.29
Uttar Pradesh,16244, Kanpur ,57,111893,301599,104,8449.836068,16241.44543,9366.895207,267.42,485.43,0,176.32
Uttar Pradesh,16245, Kanpur Dehat ,25,160348,178641,75882,10674.14372,18475.83029,2317.18092,110.91,211.71,0,55.6
Uttar Pradesh,16246, Kaushambi ,26,94795,136270,761,5924.038753,9318.708677,3424.016175,109.99,227.78,0,41.46
Uttar Pradesh,16247, Kushinagar ,6,115615,170280,4562,1000.008781,1127.158335,601.6510642,20.77,48.11,0,10.59
Uttar Pradesh,16249, Lalitpur ,13,87989,96895,3622,142.3681964,2939.795013,866.022412,40.03,101.74,0,13.38
Uttar Pradesh,16250, Lucknow ,37,205517,205071,78807,10067.20966,12297.25911,10122.18153,164.39,314.34,999,176.97
Uttar Pradesh,16251, Maharajganj ,5,449634,476809,218417,4317.409216,4943.901255,2871.336973,16.1,33.05,89.72,42.59
Uttar Pradesh,16252, Mahoba ,12,121349,220291,201,98.37963845,402.661428,83.87179627,38.79,88.32,0,24.16
Uttar Pradesh,16253, Mainpuri ,8,102813,130492,22694,9928.128208,18229.52963,11639.65501,39.9,61.53,0,12.13
Uttar Pradesh,16254, Mathura ,22,191709,187935,22263,5985.690451,9749.257117,2005.432289,126.97,187.92,0,59.65
Uttar Pradesh,16255, Mau ,8,49761,214899,1022,20966.38436,25800.10233,15763.40617,29.56,70.06,0,16.52
Uttar Pradesh,16256, Meerut ,17,145115,165439,682,22821.2567,24307.81692,37290.45494,93.56,109.92,0,31.76
Uttar Pradesh,16257, Mirzapur ,27,161599,265606,11319,13169.62396,21162.21253,7188.844327,93.18,235.18,0,77.52
Uttar Pradesh,16258, Moradabad ,13,107460,108900,9568,29778.14543,32882.84743,28842.02704,62.47,90.17,0,16.53
Uttar Pradesh,16259, Muzaffarnagar ,20,211715,228447,129902,33799.44312,33582.66614,56845.8467,112.65,116.15,0,50.38
Uttar Pradesh,16260, Pilibhit ,5,156565,165255,3029,7777.284862,7691.93336,626.2242695,22.32,34.21,119.16,9.5
Uttar Pradesh,16261, Pratapgarh ,20,290033,294654,70118,14277.35159,16920.80679,4106.009046,81.6,179.52,0,76.56
Uttar Pradesh,16261, Pratapgarh ,20,290033,294654,70118,14277.35159,16920.80679,4106.009046,81.6,179.52,0,76.56
Uttar Pradesh,16262, Rae Bareli ,15,341539,371272,225912,17007.70567,23059.64904,8891.194286,64.7,132.78,0,71.39
Uttar Pradesh,16263, Rampur ,10,203878,206970,51510,16325.58899,16344.12567,4450.202901,47.17,66.53,237.77,35.63
Uttar Pradesh,16264, Saharanpur ,14,165880,181425,3078,24599.41196,24929.21678,29176.99194,71.46,74.12,0,25.3
Uttar Pradesh,16265, Sant Kabir Nagar ,8,202805,222733,5255,3736.70119,4696.589415,2150.677918,29.95,68.8,190.44,22.39
Uttar Pradesh,16266, Sant Ravi Das Nagar ,8,189560,177072,26827,18376.53084,25125.89805,14823.88678,28.57,72.7,0,18.28
Uttar Pradesh,16266, Sant Ravi Das Nagar ,8,189560,177072,26827,18376.53084,25125.89805,14823.88678,28.57,72.7,0,18.28
Uttar Pradesh,16266, Sant Ravi Das Nagar ,8,189560,177072,26827,18376.53084,25125.89805,14823.88678,28.57,72.7,0,18.28
Uttar Pradesh,16267, Shahjahanpur ,11,297886,283991,156543,13221.29895,13457.98734,314.941798,49.55,79.29,272.86,79.99
Uttar Pradesh,16268, Shravasti ,61,103938,109525,7555,7168.907671,9996.520929,2855.757661,241.69,388.23,0,67.64
Uttar Pradesh,16268, Shravasti ,61,103938,109525,7555,7168.907671,9996.520929,2855.757661,241.69,388.23,0,67.64
Uttar Pradesh,16268, Shravasti ,61,103938,109525,7555,7168.907671,9996.520929,2855.757661,241.69,388.23,0,67.64
Uttar Pradesh,16269, Siddharth Nagar ,8,50489,53800,3958,4714.329646,5740.189864,429.0395758,26.34,53.39,153.33,4.8
Uttar Pradesh,16269, Siddharth Nagar ,8,50489,53800,3958,4714.329646,5740.189864,429.0395758,26.34,53.39,153.33,4.8
Uttar Pradesh,16269, Siddharth Nagar ,8,50489,53800,3958,4714.329646,5740.189864,429.0395758,26.34,53.39,153.33,4.8
Uttar Pradesh,16270, Sitapur ,11,310926,341957,52135,30343.33185,39204.93497,9237.228357,43.96,75.26,0,39.4
Uttar Pradesh,16271, Sonbhadra ,21,110111,95130,3385,2046.486418,2381.865561,978.9464809,63.6,180.31,0,24.15
Uttar Pradesh,16272, Sultanpur ,18,164815,160804,4954,35506.03971,44502.12715,17485.09513,74.68,154.83,467,39.51
Uttar Pradesh,16273, Unnao ,17,353909,386789,126354,2042.552919,4280.984745,972.7515539,84.04,153.26,0,89.02
Uttar Pradesh,16274, Varanasi ,26,151855,118156,355,31783.52044,42240.48158,29176.13271,99.34,231.25,0,42.4
Uttaranchal,16275, Almora ,21,227468,235346,23931,0,0,0,39.59,75.02,0,26.66
Uttaranchal,16276, Bageshwar ,65,201817,261870,13432,0,0,0,123.27,138.55,0,61.16
Uttaranchal,16277, Chamoli ,10,77427,82420,5798,0,0,0,11.49,9.84,0,1.7
Uttaranchal,16278, Champawat ,10,78721,48667,68,0,0,0,20.25,32.23,128.33,3.17
Uttaranchal,16279, Dehra Dun ,42,24492,17822,43,0,0,0,131.29,161.9,0,6.1
Uttaranchal,16280, Haridwar ,14,27768,16644,21,0,0,0,62.73,70.72,289.72,2.92
Uttaranchal,16281, Naini Tal ,40,25609,17078,53,0,0,0,106.27,144.08,596.66,5.21
Uttaranchal,16282, Pauri Garhwal ,10,44067,37904,7696,0,0,0,19.22,37.1,0,2.25
Uttaranchal,16283, Pithoragarh ,5,118166,119790,72098,0,0,0,5.83,4.07,0,1.17
Uttaranchal,16284, Rudra Prayag ,12,44069,44472,10098,10442.61262,5037.111811,6245.083245,15.17,14.52,0,1.31
Uttaranchal,16284, Rudra Prayag ,12,44069,44472,10098,10442.61262,5037.111811,6245.083245,15.17,14.52,0,1.31
Uttaranchal,16284, Rudra Prayag ,12,44069,44472,10098,10442.61262,5037.111811,6245.083245,15.17,14.52,0,1.31
Uttaranchal,16285, Tehri Garhwal ,29,82403,44726,56,115,537,355,40.94,88.81,0,7.34
Uttaranchal,16286, Udham Singh Nagar ,74,44700,37382,0,0,0,0,290.63,380.14,1438.88,27.2
Uttaranchal,16287, Uttarkashi ,17,20283,12263,4,0,0,0,24.71,24.36,0,0.79
West Bengal,16288, Bankura ,8,55843,33771,5,1772.393609,1416.567164,391.5914657,12.72,96.3,152,3.96
West Bengal,16289, Barddhaman ,114,146737,135102,43142,0,0,0,185,1327.32,2105.83,297.31
West Bengal,16290, Birbhum ,30,28621,19499,421,568.1948052,424.1168831,466.3747681,51.11,339.71,581.66,8.33
West Bengal,16291, Dakshin Dinajpur ,11,78444,397710,57362,740,419,1961,14.76,106.66,142.99,51.77
West Bengal,16292, Darjiling ,6,125579,543438,239993,163,0,1002,4.94,32.6,35.83,26.93
West Bengal,16293, East Midnapore ,98,45347,406057,81385,1432.994975,858.3781515,3833.751594,45.95,547.63,579.83,271.64
West Bengal,16294, Haora ,113,53471,223489,54956,1681,801,2333,118.5,1252.19,1481.55,367.6
West Bengal,16295, Hugli ,43,124073,125699,83173,8967.952381,5589.238095,7042.047619,44.8,456.85,603.19,113.15
West Bengal,16296, Jalpaiguri ,99,88175,382907,159913,307.375037,442.3988695,5236.967417,121.27,891.09,759,473.27
West Bengal,16298, Kolkata ,26,109161,327162,143325,0,0,0,0,0,0,0
West Bengal,16299, Maldah ,25,284077,404614,190948,2075,2065,2805,31.83,229.77,359.72,170.69
West Bengal,16300, Murshidabad ,10,165155,378852,115690,11401,5435,2537,16.29,101.56,175.27,61.44
West Bengal,16301, Nadia ,21,0,0,0,10902,5797,5556,37.61,203.78,356.41,0
West Bengal,16303, Puruliya ,6,283898,649972,265834,6.204473803,17.45323525,1.727668518,9.76,74.18,129,85.27
West Bengal,16305, Uttar Dinajpur ,17,178345,345253,167395,1054.56621,909.572363,1411.526552,17.74,153.19,185.58,87.11
